group	entity	name
FOLLOWERS	fa6dcd37889c	follower
FOLLOWERS	d350d3498d83	follower
FOLLOWERS	cd5f0e9df863	follower
FOLLOWERS	bc80614e5300	follower
FOLLOWERS	91ea3613d44e	follower
FOLLOWERS	66d063e4ef36	follower
FOLLOWERS	2992594bba88	follower
FOLLOWERS	b839b6b95a1e	follower
FOLLOWERS	7e5e4d8747f3	follower
FOLLOWERS	0420a3892149	follower
FOLLOWERS	798bcd29f435	follower
FOLLOWERS	66193b3d354b	follower
FOLLOWERS	7921b1635984	follower
FOLLOWERS	2aba088d2d9a	follower
FOLLOWERS	5b918f2c51ea	follower
FOLLOWERS	8df8fd0dc9b8	follower
FOLLOWERS	04a92ec58e2f	follower
FOLLOWERS	f2608365fc13	follower
FOLLOWERS	e4868067b6e2	follower
FOLLOWERS	c2488a42e9ab	follower
FOLLOWERS	84802b1fad19	follower
FOLLOWERS	1d077d4d8cf9	follower
FOLLOWERS	6ea5e7435b20	follower
FOLLOWERS	f3bc56c03843	follower
FOLLOWERS	4cda207939fb	follower
FOLLOWERS	9bdd74ae0111	follower
FOLLOWERS	bc39565af4a4	follower
FOLLOWERS	3e5955913f07	follower
FOLLOWERS	a3a3d5f0d839	follower
FOLLOWERS	148dcdc83868	follower
FOLLOWERS	56d249d418e7	follower
FOLLOWERS	7fe229b0dbee	follower
FOLLOWERS	909bd3faea8d	follower
FOLLOWERS	a4a28ef73b76	follower
FOLLOWERS	a9ecdf69feea	follower
FOLLOWERS	0ef9feb0b8f2	follower
FOLLOWERS	705e32e4e9c0	follower
FOLLOWERS	11d7169d872c	follower
FOLLOWERS	a7eb10fc7521	follower
FOLLOWERS	dd118c38f424	follower
FOLLOWERS	8f4878cead7a	follower
FOLLOWERS	f1312d54da18	follower
FOLLOWERS	15d33674c3a6	follower
FOLLOWERS	41f481d4b9bb	follower
FOLLOWERS	59efce6a3893	follower
FOLLOWERS	76124e3d2717	follower
FOLLOWERS	8ee1feb4c36d	follower
FOLLOWERS	7af25715a83c	follower
FOLLOWERS	ba24a5b3e9e8	follower
FOLLOWERS	a6c6c5c8006b	follower
FOLLOWERS	8d479d9c7023	follower
FOLLOWERS	c94081551c1e	follower
FOLLOWERS	cd6f9a62f656	follower
FOLLOWERS	b3d501c96f95	follower
FOLLOWERS	7eccb4f494fc	follower
FOLLOWERS	f19af821dabc	follower
FOLLOWERS	fc648f44225f	follower
FOLLOWERS	e47dc71b0f57	follower
FOLLOWERS	0153640f5870	follower
FOLLOWERS	3b55dd9bcd1e	follower
FOLLOWERS	b7bf33aeb5b3	follower
FOLLOWERS	935ea96ad2f7	follower
FOLLOWERS	5eee8eb1e32f	follower
FOLLOWERS	bdca387d46a9	follower
FOLLOWERS	d7b50ddb07e8	follower
FOLLOWERS	4f0b6046d4c7	follower
FOLLOWERS	cae855d07ffe	follower
FOLLOWERS	3b9a171de08a	follower
FOLLOWERS	65a9998ce573	follower
FOLLOWERS	405fa174e0e9	follower
FOLLOWERS	f9bef626e4a7	follower
FOLLOWERS	865f3add624f	follower
FOLLOWERS	fd66a083c363	follower
FOLLOWERS	309c403947a3	follower
FOLLOWERS	f4ec1021b32e	follower
FOLLOWERS	72774f623a07	follower
FOLLOWERS	198b22c17b48	follower
FOLLOWERS	dd39e1b63436	follower
FOLLOWERS	3a241490f54c	follower
FOLLOWERS	4aca0c85851f	follower
FOLLOWERS	83032baddaa1	follower
FOLLOWERS	0d0b8c8cfdb0	follower
FOLLOWERS	c5c92d3864af	follower
FOLLOWERS	92c7265ef236	follower
FOLLOWERS	264704a0f95d	follower
FOLLOWERS	a4ebb96cdecd	follower
FOLLOWERS	1e48146997fd	follower
FOLLOWERS	1462aa25ba0c	follower
FOLLOWERS	88a9882ddb6c	follower
FOLLOWERS	0756dfbd80d4	follower
FOLLOWERS	0c624125e903	follower
FOLLOWERS	ff6be1ac8aad	follower
FOLLOWERS	230f8a8bf84b	follower
FOLLOWERS	4b5d3c82b872	follower
FOLLOWERS	0968c61bc725	follower
FOLLOWERS	181c0d63b7cb	follower
FOLLOWERS	b4a6f27ff90f	follower
FOLLOWERS	482f344aa3af	follower
FOLLOWERS	d2649cb80c54	follower
FOLLOWERS	2abac68e8680	follower
FOLLOWERS	90736ec72561	follower
FOLLOWERS	4639c7ba8588	follower
FOLLOWERS	17fc93edc44a	follower
FOLLOWERS	3009859d028c	follower
FOLLOWERS	6369476cc942	follower
FOLLOWERS	f194d9d9c16d	follower
FOLLOWERS	c8ea1fcc3e19	follower
FOLLOWERS	f54bfec2ff5f	follower
FOLLOWERS	05e8f5ff7410	follower
FOLLOWERS	ff58f54b102c	follower
FOLLOWERS	c4e88dd90aab	follower
FOLLOWERS	e02e3f10fef5	follower
FOLLOWERS	b3ce7e0c7d82	follower
FOLLOWERS	3e93be434a0d	follower
FOLLOWERS	43dc3f03759a	follower
FOLLOWERS	963a76b5f4bd	follower
FOLLOWERS	d0ac20a367f8	follower
FOLLOWERS	3053ed1fa577	follower
FOLLOWERS	49590b7e1fbd	follower
FOLLOWERS	a936bf1bcfd6	follower
FOLLOWERS	58dccaca8ce3	follower
FOLLOWERS	cf1835199b08	follower
FOLLOWERS	a817d41f7c52	follower
FOLLOWERS	ed7292f7f474	follower
FOLLOWERS	cc8718eb6e0b	follower
FOLLOWERS	978575b721a9	follower
FOLLOWERS	1f9dbae7ada9	follower
FOLLOWERS	203eda58229c	follower
FOLLOWERS	438c881c7eb2	follower
FOLLOWERS	28b872d397dd	follower
FOLLOWERS	0d12ab36c0f8	follower
FOLLOWERS	37052a2bc6e6	follower
FOLLOWERS	2899a481cc09	follower
FOLLOWERS	f6c18cb0ec70	follower
FOLLOWERS	6c2ba9346442	follower
FOLLOWERS	ac6f0e9a17a7	follower
FOLLOWERS	187faa797b52	follower
FOLLOWERS	dbb1b21fc63e	follower
FOLLOWERS	6a46d1ab382b	follower
FOLLOWERS	092688afd8fb	follower
FOLLOWERS	d2f3d97f9b22	follower
FOLLOWERS	b5746a5b73a1	follower
FOLLOWERS	4aeb3237b420	follower
FOLLOWERS	0a52df3275bb	follower
FOLLOWERS	4058a01d3208	follower
FOLLOWERS	8c3446250f20	follower
FOLLOWERS	1cc91d234667	follower
FOLLOWERS	333f554843d6	follower
FOLLOWERS	26198cb4da53	follower
FOLLOWERS	12284304fd4c	follower
FOLLOWERS	4240dce594e8	follower
FOLLOWERS	b3339d3511be	follower
FOLLOWERS	73a2123fc642	follower
FOLLOWERS	0baa66242961	follower
FOLLOWERS	2d662591ee7d	follower
FOLLOWERS	e309814c9d20	follower
FOLLOWERS	742d9d5d1b19	follower
FOLLOWERS	72d7e4568f32	follower
FOLLOWERS	26c77643fd21	follower
FOLLOWERS	418ca800ddbe	follower
FOLLOWERS	a552648f3cdc	follower
FOLLOWERS	339300f094e9	follower
FOLLOWERS	674ccf515e89	follower
FOLLOWERS	2f1ecb364e8a	follower
FOLLOWERS	91fc44795722	follower
FOLLOWERS	7fe24f744a49	follower
FOLLOWERS	9583bd7f0fa9	follower
FOLLOWERS	406c8de85287	follower
FOLLOWERS	f9f83f7c26d2	follower
FOLLOWERS	1b0bc1d65478	follower
FOLLOWERS	c75c87e334e4	follower
FOLLOWERS	58dcd32d8d22	follower
FOLLOWERS	0e367afdc46b	follower
FOLLOWERS	af146b9f2d74	follower
FOLLOWERS	6f75bb9cdc3a	follower
FOLLOWERS	eb66973fc54f	follower
FOLLOWERS	4f8719650f3f	follower
FOLLOWERS	ffa473ad479e	follower
FOLLOWERS	40aa2df56a81	follower
FOLLOWERS	5f4c6911b6ca	follower
FOLLOWERS	bd0b77b60af1	follower
FOLLOWERS	d7c4ecb9a326	follower
FOLLOWERS	f39dd79424de	follower
FOLLOWERS	e1214d82d62b	follower
FOLLOWERS	ba03593a9009	follower
FOLLOWERS	c090eea7ef59	follower
FOLLOWERS	68f936295b78	follower
FOLLOWERS	efd137ae1212	follower
FOLLOWERS	b03e01365d0f	follower
FOLLOWERS	422ae25ba677	follower
FOLLOWERS	2b18c4d7d2c9	follower
FOLLOWERS	605dfb3828fa	follower
FOLLOWERS	e0beef1d9b33	follower
FOLLOWERS	6a404af53e99	follower
FOLLOWERS	e300b3e21c60	follower
FOLLOWERS	09868edb9bc9	follower
FOLLOWERS	440d372267fb	follower
FOLLOWERS	e5408ef11bab	follower
FOLLOWERS	56b08fd84a57	follower
FOLLOWERS	b2b7edf12be3	follower
FOLLOWERS	cdcdfc62addf	follower
FOLLOWERS	c362f2bbf1d7	follower
FOLLOWERS	3542ceb9b168	follower
FOLLOWERS	a53ed3e41458	follower
FOLLOWERS	a780e7f0408f	follower
FOLLOWERS	0ab022c71adb	follower
FOLLOWERS	350dcfb6e8a0	follower
FOLLOWERS	0e4145c99f00	follower
FOLLOWERS	f79305baa6aa	follower
FOLLOWERS	a6c8863965d1	follower
FOLLOWERS	138190288dca	follower
FOLLOWERS	288488bd613a	follower
FOLLOWERS	fa9656fa48db	follower
FOLLOWERS	fa7ab98ccc6a	follower
FOLLOWERS	4c38e7c9dce9	follower
FOLLOWERS	ad453850251c	follower
FOLLOWERS	d5636f53ea38	follower
FOLLOWERS	838e7e5bc743	follower
FOLLOWERS	ab60964e2ad0	follower
FOLLOWERS	0432467b7cba	follower
FOLLOWERS	642e7be2ff4d	follower
FOLLOWERS	3729e81204ed	follower
FOLLOWERS	fd0de4e8ecbd	follower
FOLLOWERS	911f58ea7172	follower
FOLLOWERS	9d8ba8c25d67	follower
FOLLOWERS	7c4cde088548	follower
FOLLOWERS	ef0815f61d9e	follower
FOLLOWERS	e841f64644af	follower
FOLLOWERS	001889c7087e	follower
FOLLOWERS	0e9c336e8288	follower
FOLLOWERS	6d0ae7db20ee	follower
FOLLOWERS	854d879ea9f7	follower
FOLLOWERS	9451243f0af8	follower
FOLLOWERS	2b8e94862668	follower
FOLLOWERS	3446f5ce3251	follower
FOLLOWERS	48b245ca7e5d	follower
FOLLOWERS	78afc703f144	follower
FOLLOWERS	42fc4b5e90db	follower
FOLLOWERS	9fc0a90d383a	follower
FOLLOWERS	b66953475551	follower
FOLLOWERS	9528b5d8b471	follower
FOLLOWERS	5fc331c167c8	follower
FOLLOWERS	f94f927f6df4	follower
FOLLOWERS	2c4978da1c93	follower
FOLLOWERS	8e570f6cf787	follower
FOLLOWERS	56622d1698b7	follower
FOLLOWERS	c19acb26a935	follower
FOLLOWERS	a389116238bb	follower
FOLLOWERS	7f1aff975d11	follower
FOLLOWERS	e67a8aff94ff	follower
FOLLOWERS	14b8e7c3f831	follower
FOLLOWERS	9899f703e6ea	follower
FOLLOWERS	23824132ce4b	follower
FOLLOWERS	abf1f8ca8652	follower
FOLLOWERS	92a6edad5bc7	follower
FOLLOWERS	925e26c3f690	follower
FOLLOWERS	35d0c01d11ed	follower
FOLLOWERS	2059381cba36	follower
FOLLOWERS	6117d845c036	follower
FOLLOWERS	b410e31fd053	follower
FOLLOWERS	1b35e48fbc7e	follower
FOLLOWERS	8ff1d3718f29	follower
FOLLOWERS	b7ce49c68d26	follower
FOLLOWERS	33840e81b1ad	follower
FOLLOWERS	f31fd6f5d380	follower
FOLLOWERS	feda545fb421	follower
FOLLOWERS	30e22b074875	follower
FOLLOWERS	7b30d51cbb92	follower
FOLLOWERS	a0da5d0131d7	follower
FOLLOWERS	7de8e341a1d7	follower
FOLLOWERS	5b0b56d1fe46	follower
FOLLOWERS	84680d912440	follower
FOLLOWERS	065291ddecbe	follower
FOLLOWERS	033baf657f63	follower
FOLLOWERS	39611615ce91	follower
FOLLOWERS	f228be1007fb	follower
FOLLOWERS	9d8ec1a63da9	follower
FOLLOWERS	c19bbd5f9ef9	follower
FOLLOWERS	627a5acad321	follower
FOLLOWERS	51ee83e28f56	follower
FOLLOWERS	f1617398a0d8	follower
FOLLOWERS	ad8baa5bc52d	follower
FOLLOWERS	08452edd883d	follower
FOLLOWERS	094376a5efe8	follower
FOLLOWERS	501c51021b29	follower
FOLLOWERS	066394040652	follower
FOLLOWERS	3d07a75d8cd4	follower
FOLLOWERS	86f47d0794e4	follower
FOLLOWERS	6b240e1716dd	follower
FOLLOWERS	89fac86c24a3	follower
FOLLOWERS	92576768f077	follower
FOLLOWERS	fb62a2051d94	follower
FOLLOWERS	45247c7daa23	follower
FOLLOWERS	38a6dd023eea	follower
FOLLOWERS	ec085e46e702	follower
FOLLOWERS	5e3ad365aa11	follower
FOLLOWERS	569b20afefe6	follower
FOLLOWERS	3a9c98326ed8	follower
FOLLOWERS	abec2fc56d69	follower
FOLLOWERS	840fc0913ca3	follower
FOLLOWERS	f824c945ecfe	follower
FOLLOWERS	d37145865ef7	follower
FOLLOWERS	2da7d3b20e8f	follower
FOLLOWERS	2a51c05d2949	follower
FOLLOWERS	8aba3d8534a5	follower
FOLLOWERS	d542a8d8a08a	follower
FOLLOWERS	c4834d4d8dd1	follower
FOLLOWERS	95a310d2f9f9	follower
FOLLOWERS	cc24c0c66470	follower
FOLLOWERS	9f22200e21d7	follower
FOLLOWERS	e663c07fc1bb	follower
FOLLOWERS	b7ac4bc7eb6d	follower
FOLLOWERS	53b4db51193b	follower
FOLLOWERS	9f30f27557dd	follower
FOLLOWERS	97430b0c96ee	follower
FOLLOWERS	c06478b711e2	follower
FOLLOWERS	a55b2b0d10ca	follower
FOLLOWERS	a948759fcbc5	follower
FOLLOWERS	52dc7b11853c	follower
FOLLOWERS	a799b963949f	follower
FOLLOWERS	a57fa46bdd81	follower
FOLLOWERS	9737923cf752	follower
FOLLOWERS	2fa339cc76ff	follower
FOLLOWERS	5cca027858b5	follower
FOLLOWERS	a0c4d812e950	follower
FOLLOWERS	e6b5561bd884	follower
FOLLOWERS	2ce12899e1a2	follower
FOLLOWERS	7d21dd24f803	follower
FOLLOWERS	febeb90088ca	follower
FOLLOWERS	d3cb24a4cbc4	follower
FOLLOWERS	69f6762e1743	follower
FOLLOWERS	2fae7569f147	follower
FOLLOWERS	c4e094275758	follower
FOLLOWERS	6cf04d3f9cf4	follower
FOLLOWERS	bce07cecb803	follower
FOLLOWERS	5afb7f9a81d3	follower
FOLLOWERS	28fd55c59a07	follower
FOLLOWERS	5371ffeba5eb	follower
FOLLOWERS	0e29b06a5ec1	follower
FOLLOWERS	4981c447ed4d	follower
FOLLOWERS	35696b04fbce	follower
FOLLOWERS	2f94c16c41be	follower
FOLLOWERS	533b0321ef5e	follower
FOLLOWERS	9455587d3232	follower
FOLLOWERS	8eb97a1e264e	follower
FOLLOWERS	5fcf6cd19e39	follower
FOLLOWERS	4abb45470be7	follower
FOLLOWERS	eec2adfb3e4b	follower
FOLLOWERS	b273d7ef9ee5	follower
FOLLOWERS	3ff3994ec022	follower
FOLLOWERS	ccbcf260edc4	follower
FOLLOWERS	cd8b49d17928	follower
FOLLOWERS	f7040c46602a	follower
FOLLOWERS	6918f382e969	follower
FOLLOWERS	94a5d4d2a42d	follower
FOLLOWERS	a9fd0645a23f	follower
FOLLOWERS	4257606d339c	follower
FOLLOWERS	16bd910442f2	follower
FOLLOWERS	e0238d6ea4d6	follower
FOLLOWERS	c461d1cc9901	follower
FOLLOWERS	6903098893cf	follower
FOLLOWERS	a94a108ead99	follower
FOLLOWERS	eb4f8022b303	follower
FOLLOWERS	060f286f9617	follower
FOLLOWERS	33968f078876	follower
FOLLOWERS	1268386b870b	follower
FOLLOWERS	af0e69fb24ee	follower
FOLLOWERS	663fb38ac38c	follower
FOLLOWERS	f08730a9a2c3	follower
FOLLOWERS	b64fdf6c5a08	follower
FOLLOWERS	1d0a13aff67d	follower
FOLLOWERS	d1a986e9b506	follower
FOLLOWERS	542f34dd32e6	follower
FOLLOWERS	4b48ddd9171c	follower
FOLLOWERS	9718a1ecd270	follower
FOLLOWERS	1fe5e7929334	follower
FOLLOWERS	1eebcd5d1598	follower
FOLLOWERS	f5066b1e9478	follower
FOLLOWERS	86c69fb1e853	follower
FOLLOWERS	c4041127142f	follower
FOLLOWERS	d5c2ff084664	follower
FOLLOWERS	ba61499a8efb	follower
FOLLOWERS	0940b36af7dd	follower
FOLLOWERS	b87ddcb1b2c2	follower
FOLLOWERS	9c55577cd70e	follower
FOLLOWERS	786761965824	follower
FOLLOWERS	30d97847b1e0	follower
FOLLOWERS	d80579664e8a	follower
FOLLOWERS	4d721a651916	follower
FOLLOWERS	64d3d194131e	follower
FOLLOWERS	32aca68131cc	follower
FOLLOWERS	0f97ac1d179a	follower
FOLLOWERS	e4edd7cd87a0	follower
FOLLOWERS	15178254b6e8	follower
FOLLOWERS	fffc47ad73b4	follower
FOLLOWERS	26f817b3e5eb	follower
FOLLOWERS	b593a1d8bca1	follower
FOLLOWERS	857272e5ae6b	follower
FOLLOWERS	087c8bd184cf	follower
FOLLOWERS	cc330ba47364	follower
FOLLOWERS	452702c6c305	follower
FOLLOWERS	8140809bd954	follower
FOLLOWERS	0666b4779b99	follower
FOLLOWERS	0feed05b06e1	follower
FOLLOWERS	127b1913fdb5	follower
FOLLOWERS	22c42be400bb	follower
FOLLOWERS	b11a1e0aa095	follower
FOLLOWERS	2e77c7f69925	follower
FOLLOWERS	e1c9e41b67c2	follower
FOLLOWERS	cbba15e40f82	follower
FOLLOWERS	47a583397b4d	follower
FOLLOWERS	dbba5c84f895	follower
FOLLOWERS	5d4d996b9b1b	follower
FOLLOWERS	654cc026f7ab	follower
FOLLOWERS	1a477d0f04af	follower
FOLLOWERS	c0f1fe695131	follower
FOLLOWERS	83e8b3ebc170	follower
FOLLOWERS	cbbd0a65420b	follower
FOLLOWERS	33e050dc6c1d	follower
FOLLOWERS	532803c33e7c	follower
FOLLOWERS	4dcd74171d17	follower
FOLLOWERS	4a84fbd0efdd	follower
FOLLOWERS	3981b75beae6	follower
FOLLOWERS	a36fa5bbffa3	follower
FOLLOWERS	a399848d9a11	follower
FOLLOWERS	15aea6dc4b85	follower
FOLLOWERS	6f6f888d14ec	follower
FOLLOWERS	aea664db4452	follower
FOLLOWERS	d79896f5bb42	follower
FOLLOWERS	dafba9808099	follower
FOLLOWERS	473fdaf7809c	follower
FOLLOWERS	77af85339589	follower
FOLLOWERS	40e76c3aa099	follower
FOLLOWERS	4b8b0e6997bf	follower
FOLLOWERS	38c677b080a5	follower
FOLLOWERS	f6fed89cb107	follower
FOLLOWERS	4c07c9274c32	follower
FOLLOWERS	f3e261e209ce	follower
FOLLOWERS	79cd2be96d14	follower
FOLLOWERS	63e2949d8497	follower
FOLLOWERS	7844d386937e	follower
FOLLOWERS	c302b968bb63	follower
FOLLOWERS	e72fea021a91	follower
FOLLOWERS	e0d010c55806	follower
FOLLOWERS	ee57c7e15080	follower
FOLLOWERS	5fe8445d81b2	follower
FOLLOWERS	e2861db9c8ff	follower
FOLLOWERS	d6d03d2b5950	follower
FOLLOWERS	1469143e1a77	follower
FOLLOWERS	2451d64ca3cf	follower
FOLLOWERS	e699384536d1	follower
FOLLOWERS	d4c30e41d153	follower
FOLLOWERS	fae272793825	follower
FOLLOWERS	aed7daffd45f	follower
FOLLOWERS	7ab10fc22263	follower
FOLLOWERS	cf7fa0272efe	follower
FOLLOWERS	84ad32649bbf	follower
FOLLOWERS	8ed2bc39564b	follower
FOLLOWERS	f4ab279711b8	follower
FOLLOWERS	10d57177a049	follower
FOLLOWERS	c829d3c7df72	follower
FOLLOWERS	9660de71aea3	follower
FOLLOWERS	6239e27bb0aa	follower
FOLLOWERS	fe55e824f242	follower
FOLLOWERS	73991eb32032	follower
FOLLOWERS	e016fa3768e5	follower
FOLLOWERS	5ce1e1902add	follower
FOLLOWERS	c805ba450712	follower
FOLLOWERS	5716b371d1f9	follower
FOLLOWERS	102a5cfa5971	follower
FOLLOWERS	c060f6dce3ee	follower
FOLLOWERS	89d246e88657	follower
FOLLOWERS	ada459aacf8f	follower
FOLLOWERS	f4ae5556627d	follower
FOLLOWERS	fd407ba112c6	follower
FOLLOWERS	e496f9588cd6	follower
FOLLOWERS	828beac7b617	follower
FOLLOWERS	5fdb08ccbfca	follower
FOLLOWERS	146f6eef63bc	follower
FOLLOWERS	318a5bab8693	follower
FOLLOWERS	dd72f7e83c4f	follower
FOLLOWERS	842d899fe42e	follower
FOLLOWERS	428c94b66a80	follower
FOLLOWERS	aab9ec7d532a	follower
FOLLOWERS	46d14223abd3	follower
FOLLOWERS	10b724a3556c	follower
FOLLOWERS	6e35fe10f754	follower
FOLLOWERS	b0d530697b42	follower
FOLLOWERS	fa708de541b2	follower
FOLLOWERS	d76e53cb8960	follower
FOLLOWERS	d0d7ccf78c7e	follower
FOLLOWERS	a91b8e433e6c	follower
FOLLOWERS	9464e455f159	follower
FOLLOWERS	d4e09249a543	follower
FOLLOWERS	89f90c511494	follower
FOLLOWERS	469670fe7e36	follower
FOLLOWERS	491a799aeacf	follower
FOLLOWERS	0d9695f0df47	follower
FOLLOWERS	3402a625ca34	follower
FOLLOWERS	d2d3e3a5d3cb	follower
FOLLOWERS	c1de4e832687	follower
FOLLOWERS	a893b46e7c11	follower
FOLLOWERS	076eebe2e88a	follower
FOLLOWERS	b2cf59e16636	follower
FOLLOWERS	f9b18a60c330	follower
FOLLOWERS	3f26823b643f	follower
FOLLOWERS	b2dbc5186693	follower
FOLLOWERS	c273961d13e5	follower
FOLLOWERS	4bc6345cb08e	follower
FOLLOWERS	b3cb022aa90b	follower
FOLLOWERS	4782d06607cf	follower
FOLLOWERS	ea8a674e3923	follower
FOLLOWERS	f147bad7f1ad	follower
FOLLOWERS	58be3be4310c	follower
FOLLOWERS	1bb50ac19f36	follower
FOLLOWERS	d1720b7ca425	follower
FOLLOWERS	c088d6187be8	follower
FOLLOWERS	de63930c9aa1	follower
FOLLOWERS	c72511482c9a	follower
FOLLOWERS	5cbd77da62d5	follower
FOLLOWERS	2ff4de5dce0d	follower
FOLLOWERS	373992797a7f	follower
FOLLOWERS	e782be69d7bc	follower
FOLLOWERS	5d30706cd957	follower
FOLLOWERS	64f5dcba9515	follower
FOLLOWERS	3f8a83be05d6	follower
FOLLOWERS	3367ef1b2b57	follower
FOLLOWERS	6bfe129f28d1	follower
FOLLOWERS	e6302a5e58c3	follower
FOLLOWERS	4bed9a998a87	follower
FOLLOWERS	41c2a0a8fbf6	follower
FOLLOWERS	3f0fa5f8b656	follower
FOLLOWERS	09d21958d136	follower
FOLLOWERS	7bbc6fd822f0	follower
FOLLOWERS	4591a63e4342	follower
FOLLOWERS	012da91cde46	follower
FOLLOWERS	6dc2d9b3b221	follower
FOLLOWERS	d2aea36d6c72	follower
FOLLOWERS	a5fd6a5e34df	follower
FOLLOWERS	be164bb89e68	follower
FOLLOWERS	1dce34bf82ab	follower
FOLLOWERS	cb53f1f63f6d	follower
FOLLOWERS	4deb321bbc67	follower
FOLLOWERS	561bad078001	follower
FOLLOWERS	0268a88eb342	follower
FOLLOWERS	d21f30d0cd87	follower
FOLLOWERS	87d522544f1b	follower
FOLLOWERS	ea3fb8a8c2b1	follower
FOLLOWERS	e05752567985	follower
FOLLOWERS	90a231dbd78d	follower
FOLLOWERS	814b26d810aa	follower
FOLLOWERS	ef2c6019eac7	follower
FOLLOWERS	0ea7ce6ca678	follower
FOLLOWERS	0557c736e7da	follower
FOLLOWERS	b531f13bde5e	follower
FOLLOWERS	7f78a0e45a6a	follower
FOLLOWERS	20a312427bc6	follower
FOLLOWERS	0c80c24168bf	follower
FOLLOWERS	6011f5a87ce0	follower
FOLLOWERS	dca45c192044	follower
FOLLOWERS	9e8cc43732a7	follower
FOLLOWERS	5ff314756a26	follower
FOLLOWERS	8cad9d81d5f8	follower
FOLLOWERS	8ac237c9c44b	follower
FOLLOWERS	5c4a1fa6b9f4	follower
FOLLOWERS	07dc567eeaab	follower
FOLLOWERS	f3090579edf6	follower
FOLLOWERS	db5720f47966	follower
FOLLOWERS	1cc95e785f99	follower
FOLLOWERS	38f39f8a2242	follower
FOLLOWERS	c75f1f7e7f27	follower
FOLLOWERS	2b1f7aa855a1	follower
FOLLOWERS	57bff4db8454	follower
FOLLOWERS	19ba75287d4e	follower
FOLLOWERS	51cfa9928755	follower
FOLLOWERS	1bc8fd4af0b6	follower
FOLLOWERS	d07c1b4f3bb6	follower
FOLLOWERS	acdc135840c7	follower
FOLLOWERS	e675a4c6c104	follower
FOLLOWERS	ca0f7ebb481f	follower
FOLLOWERS	b2c32c11acde	follower
FOLLOWERS	33290e944cfb	follower
FOLLOWERS	aefbb44ead19	follower
FOLLOWERS	dd7e3de931bf	follower
FOLLOWERS	6013bb214afc	follower
FOLLOWERS	d0278c919251	follower
FOLLOWERS	be04e06fd35f	follower
FOLLOWERS	3a50f737d88c	follower
FOLLOWERS	87527d2a41ac	follower
FOLLOWERS	a0485ebca753	follower
FOLLOWERS	034f445ec97d	follower
FOLLOWERS	e45c6131d5c5	follower
FOLLOWERS	c33779cd1756	follower
FOLLOWERS	bf0af3305d6c	follower
FOLLOWERS	6cac99747401	follower
FOLLOWERS	fbd4467dbfc5	follower
FOLLOWERS	783fe8beab61	follower
FOLLOWERS	3029f5350e3d	follower
FOLLOWERS	bcfc16792459	follower
FOLLOWERS	cc0acd8510f8	follower
FOLLOWERS	7fe7fc2ae5e1	follower
FOLLOWERS	ff0f3a14f66a	follower
FOLLOWERS	3c302a2e54db	follower
FOLLOWERS	b9922c20b704	follower
FOLLOWERS	f86f629f3157	follower
FOLLOWERS	cd41101ba0fb	follower
FOLLOWERS	cb64fae3a02b	follower
FOLLOWERS	d09e505a6912	follower
FOLLOWERS	5b59ad2b136c	follower
FOLLOWERS	cd4f58f36353	follower
FOLLOWERS	58a385712019	follower
FOLLOWERS	08dbb6ec0baf	follower
FOLLOWERS	09e9c53bc470	follower
FOLLOWERS	312e12383291	follower
FOLLOWERS	f82c9d119768	follower
FOLLOWERS	e8bb94278fc0	follower
FOLLOWERS	ab60a2392bd0	follower
FOLLOWERS	97ed94193acb	follower
FOLLOWERS	1b33cdf997b0	follower
FOLLOWERS	0fb8459c499f	follower
FOLLOWERS	57fbe067415a	follower
FOLLOWERS	c62d59becf70	follower
FOLLOWERS	dee861441770	follower
FOLLOWERS	f6e6ae371bd4	follower
FOLLOWERS	395da19de0a2	follower
FOLLOWERS	ca5409ea3fb9	follower
FOLLOWERS	aecda5cdfc8c	follower
FOLLOWERS	9f6ae4a698b2	follower
FOLLOWERS	8e02c2b72c95	follower
FOLLOWERS	1e5e831b7222	follower
FOLLOWERS	9d312200bed2	follower
FOLLOWERS	0655080a20ed	follower
FOLLOWERS	5923d68350ca	follower
FOLLOWERS	6c847651b89a	follower
FOLLOWERS	222a43d6876f	follower
FOLLOWERS	32ffa5fdafb1	follower
FOLLOWERS	5ff6490b850c	follower
FOLLOWERS	ca3a1fefdd54	follower
FOLLOWERS	305beca5e867	follower
FOLLOWERS	ca953fb8b64e	follower
FOLLOWERS	6c2d369ef75b	follower
FOLLOWERS	20413ee6fb12	follower
FOLLOWERS	cb8e735da9b4	follower
FOLLOWERS	bf4df343123a	follower
FOLLOWERS	1209835898e0	follower
FOLLOWERS	a75e66d6a920	follower
FOLLOWERS	5fb38fa6a699	follower
FOLLOWERS	873919cb9e11	follower
FOLLOWERS	581548b8408c	follower
FOLLOWERS	4b1026502ccb	follower
FOLLOWERS	560390a9c446	follower
FOLLOWERS	b242e1214653	follower
FOLLOWERS	7f100a181df9	follower
FOLLOWERS	aed2698ae944	follower
FOLLOWERS	20f99e7de62f	follower
FOLLOWERS	bdb91a5a7bb4	follower
FOLLOWERS	3bc780707cbd	follower
FOLLOWERS	d090c9f5119d	follower
FOLLOWERS	a0dcbf640ccb	follower
FOLLOWERS	7a0f85c63395	follower
FOLLOWERS	cd301927203d	follower
FOLLOWERS	a6e054a9704a	follower
FOLLOWERS	773c5bcac9b9	follower
FOLLOWERS	34b7340666bf	follower
FOLLOWERS	6fa89de24f48	follower
FOLLOWERS	6c9e20c4b805	follower
FOLLOWERS	8711ad353879	follower
FOLLOWERS	187fec922053	follower
FOLLOWERS	47b926c8d354	follower
FOLLOWERS	d9c028a4a175	follower
FOLLOWERS	e013322c43c6	follower
FOLLOWERS	da5076063323	follower
FOLLOWERS	18b821f8d722	follower
FOLLOWERS	f2694b9265ff	follower
FOLLOWERS	f80997610e49	follower
FOLLOWERS	ac393dc7f261	follower
FOLLOWERS	3829cece4e29	follower
FOLLOWERS	14e412090408	follower
FOLLOWERS	26d1cc53c07c	follower
FOLLOWERS	003e7b70b78f	follower
FOLLOWERS	c241776fe259	follower
FOLLOWERS	b2b0927c9052	follower
FOLLOWERS	aad6ebc5abec	follower
FOLLOWERS	91c978cc0b4b	follower
FOLLOWERS	42e10fecc500	follower
FOLLOWERS	f41bdbecc8d3	follower
FOLLOWERS	220ea555bbe9	follower
FOLLOWERS	70672369975a	follower
FOLLOWERS	52e796293efc	follower
FOLLOWERS	14ab90ab7db0	follower
FOLLOWERS	6869d8affb87	follower
FOLLOWERS	257f4dce65e4	follower
FOLLOWERS	40a18d631459	follower
FOLLOWERS	e39150479594	follower
FOLLOWERS	4a1dc644be20	follower
FOLLOWERS	67ef1b2e4537	follower
FOLLOWERS	cd6714af1f87	follower
FOLLOWERS	f14d6d12e8a7	follower
FOLLOWERS	b461262c2746	follower
FOLLOWERS	19eda1eecc87	follower
FOLLOWERS	62fbc4c604d0	follower
FOLLOWERS	825905be7952	follower
FOLLOWERS	8ccd6bb4b5ea	follower
FOLLOWERS	bc636fe17f3a	follower
FOLLOWERS	4f7e58e9a1e0	follower
FOLLOWERS	99d5174f9665	follower
FOLLOWERS	991fe76b16a8	follower
FOLLOWERS	00a2d23fd150	follower
FOLLOWERS	af20891330d4	follower
FOLLOWERS	9d5d7ed74d52	follower
FOLLOWERS	5a662adad708	follower
FOLLOWERS	2573096db9ae	follower
FOLLOWERS	b927a4767010	follower
FOLLOWERS	5ebe65ddfb5c	follower
FOLLOWERS	ed08bfd0edae	follower
FOLLOWERS	1a119272930d	follower
FOLLOWERS	debaf09a91ac	follower
FOLLOWERS	c89662dfdc5f	follower
FOLLOWERS	ecf6dd371e81	follower
FOLLOWERS	ef0f1a8b029e	follower
FOLLOWERS	06d82338d55d	follower
FOLLOWERS	7111edc35be1	follower
FOLLOWERS	f57bf790983d	follower
FOLLOWERS	d302043450d9	follower
FOLLOWERS	23b19f7f3157	follower
FOLLOWERS	1a824b6f35e5	follower
FOLLOWERS	aeede90c8f12	follower
FOLLOWERS	fe59106e1a3e	follower
FOLLOWERS	a7b6111e03ec	follower
FOLLOWERS	ea1749a71ff9	follower
FOLLOWERS	c6bdda63bf5f	follower
FOLLOWERS	94ce3162a341	follower
FOLLOWERS	130276313edf	follower
FOLLOWERS	d9ae3b84d370	follower
FOLLOWERS	2b7576140286	follower
FOLLOWERS	a6d51ffc84d1	follower
FOLLOWERS	e1799f4f1108	follower
FOLLOWERS	b57bf97a5fc2	follower
FOLLOWERS	d7942df4bbac	follower
FOLLOWERS	7c0c66783bfb	follower
FOLLOWERS	a70a46d79bca	follower
FOLLOWERS	369cb8c2f987	follower
FOLLOWERS	402dd25f3c91	follower
FOLLOWERS	8acb3c7707e5	follower
FOLLOWERS	fc7032eba587	follower
FOLLOWERS	94e2fbc82577	follower
FOLLOWERS	46c3eac4d8e3	follower
FOLLOWERS	2f0a7cb1f255	follower
FOLLOWERS	54504b484732	follower
FOLLOWERS	29158d515f61	follower
FOLLOWERS	ab7ca74d0171	follower
FOLLOWERS	1d07b879a7ee	follower
FOLLOWERS	bea3f4851fa7	follower
FOLLOWERS	44abaaf01e53	follower
FOLLOWERS	155bf335a743	follower
FOLLOWERS	fd95aafc4553	follower
FOLLOWERS	f7f4188f615d	follower
FOLLOWERS	6d0e3d00a1ef	follower
FOLLOWERS	6006ba12d3ce	follower
FOLLOWERS	c58dc7d9f7eb	follower
FOLLOWERS	ac1257f9b89e	follower
FOLLOWERS	831c3f1cccd4	follower
FOLLOWERS	30abb799b5f3	follower
FOLLOWERS	95f1bc4619ca	follower
FOLLOWERS	88f319c55e98	follower
FOLLOWERS	3a97a363d730	follower
FOLLOWERS	165856d6f122	follower
FOLLOWERS	c9aec2e32e04	follower
FOLLOWERS	803562a51330	follower
FOLLOWERS	1b5216f4c32b	follower
FOLLOWERS	8dc6c6fe0d0d	follower
FOLLOWERS	53f497bcfe94	follower
FOLLOWERS	fc3d25b3b655	follower
FOLLOWERS	69d770179342	follower
FOLLOWERS	d4004c95869e	follower
FOLLOWERS	04202019d788	follower
FOLLOWERS	5cca7043e5d6	follower
FOLLOWERS	8bb6965aa0a1	follower
FOLLOWERS	bf648d42c30b	follower
FOLLOWERS	91cd5773bcaa	follower
FOLLOWERS	d4628f8a8638	follower
FOLLOWERS	2fc19259d822	follower
FOLLOWERS	0364ce7038a1	follower
FOLLOWERS	5483c8ec7dfe	follower
FOLLOWERS	1a3bd7c7c502	follower
FOLLOWERS	a2ece7d0dc8b	follower
FOLLOWERS	6d3a49cae656	follower
FOLLOWERS	cc8b3c630ec3	follower
FOLLOWERS	942f5d4a41f9	follower
FOLLOWERS	b1d15541424c	follower
FOLLOWERS	51cb135a17a1	follower
FOLLOWERS	c1f32ffdb4d6	follower
FOLLOWERS	79fb52cb72f2	follower
FOLLOWERS	f7d5449a4b93	follower
FOLLOWERS	f34556797b54	follower
FOLLOWERS	2e6f2f0413a1	follower
FOLLOWERS	3c2f3dcace9c	follower
FOLLOWERS	2954c67fc877	follower
FOLLOWERS	6d3cd8a2a07a	follower
FOLLOWERS	658ce2b2f6ee	follower
FOLLOWERS	7f692ae6c0b8	follower
FOLLOWERS	e55f3df61c38	follower
FOLLOWERS	837a65afd017	follower
FOLLOWERS	3f130fb43806	follower
FOLLOWERS	09e5f7a85c76	follower
FOLLOWERS	ad1393aa315c	follower
FOLLOWERS	88f465b4e378	follower
FOLLOWERS	264d00e5626b	follower
FOLLOWERS	7128ab9a954f	follower
FOLLOWERS	28a65f66c137	follower
FOLLOWERS	b60c9fe67a87	follower
FOLLOWERS	144a607d9348	follower
FOLLOWERS	a8fbe9285aa6	follower
FOLLOWERS	b41afedcc503	follower
FOLLOWERS	8c2a17959048	follower
FOLLOWERS	7b03876b289e	follower
FOLLOWERS	0940f9e5c2ea	follower
FOLLOWERS	755ca9820e21	follower
FOLLOWERS	2b1f1229282c	follower
FOLLOWERS	2baf65640c85	follower
FOLLOWERS	81b99b981976	follower
FOLLOWERS	0f29d2674dd8	follower
FOLLOWERS	40cc583a8006	follower
FOLLOWERS	232a1f162ff0	follower
FOLLOWERS	c8a455b002cb	follower
FOLLOWERS	072f3d856f29	follower
FOLLOWERS	bca93d000271	follower
FOLLOWERS	e67f719e3ebf	follower
FOLLOWERS	6f0b463005b5	follower
FOLLOWERS	892a35710c0e	follower
FOLLOWERS	ef83c96a1346	follower
FOLLOWERS	97aca5c835af	follower
FOLLOWERS	61c5e82f29a1	follower
FOLLOWERS	202b265b36a6	follower
FOLLOWERS	1908732e502b	follower
FOLLOWERS	5beeca918bba	follower
FOLLOWERS	844fbadd061a	follower
FOLLOWERS	eee61ace70db	follower
FOLLOWERS	40d310c53ac9	follower
FOLLOWERS	3dddc87e178f	follower
FOLLOWERS	196130b13161	follower
FOLLOWERS	63664143a6b5	follower
FOLLOWERS	1b41d98e6e5c	follower
FOLLOWERS	143d1cf8c260	follower
FOLLOWERS	a035a3d42a90	follower
FOLLOWERS	63ab9881862a	follower
FOLLOWERS	3c7194c597e3	follower
FOLLOWERS	e89975f3b4c7	follower
FOLLOWERS	cc2a99f2a1c6	follower
FOLLOWERS	14b3a8e0a913	follower
FOLLOWERS	b1ae30eb66ad	follower
FOLLOWERS	c79252c8d0ce	follower
FOLLOWERS	1b102fccf2d5	follower
FOLLOWERS	73c5d76166f4	follower
FOLLOWERS	9c549f99c3e6	follower
FOLLOWERS	0ce62d7c12af	follower
FOLLOWERS	5e2a169b6f96	follower
FOLLOWERS	84ceced82af5	follower
FOLLOWERS	680d38e284fd	follower
FOLLOWERS	c68e7fb95eb8	follower
FOLLOWERS	d6b0351edf60	follower
FOLLOWERS	199e7040f198	follower
FOLLOWERS	7a6ad7bf6143	follower
FOLLOWERS	103288d003e1	follower
FOLLOWERS	60628c173c6c	follower
FOLLOWERS	5582a8a116d9	follower
FOLLOWERS	4b63e746c170	follower
FOLLOWERS	4de6d42180e7	follower
FOLLOWERS	faa69e1fed41	follower
FOLLOWERS	9145229569db	follower
FOLLOWERS	d03407c1bc41	follower
FOLLOWERS	ee4243f2bbd4	follower
FOLLOWERS	9f80bb09a744	follower
FOLLOWERS	9529a54155a6	follower
FOLLOWERS	fe8dc220b67a	follower
FOLLOWERS	d88bbcdfc902	follower
FOLLOWERS	95fd4a82c628	follower
FOLLOWERS	c9378ccd98f0	follower
FOLLOWERS	ec53cbf20d42	follower
FOLLOWERS	21893422ef3e	follower
FOLLOWERS	044482e1f888	follower
FOLLOWERS	9ab16e403d91	follower
FOLLOWERS	780f100cdd6e	follower
FOLLOWERS	56f1fb03bb9e	follower
FOLLOWERS	f32dd7d7cb54	follower
FOLLOWERS	a92708382758	follower
FOLLOWERS	67ce71d3bb6b	follower
FOLLOWERS	2db6defbaefd	follower
FOLLOWERS	3f60b4b8318f	follower
FOLLOWERS	c6d204f10179	follower
FOLLOWERS	c665c8cf5dbf	follower
FOLLOWERS	97aab4ada850	follower
FOLLOWERS	914f53e8fbdd	follower
FOLLOWERS	536ff7bf1218	follower
FOLLOWERS	5b9a2f3f94bd	follower
FOLLOWERS	c4c236342da4	follower
FOLLOWERS	2cc7e6971390	follower
FOLLOWERS	76612d0ac176	follower
FOLLOWERS	ca79674a042a	follower
FOLLOWERS	7f4b39ea9215	follower
FOLLOWERS	d6b4c98e882c	follower
FOLLOWERS	bee11691806e	follower
FOLLOWERS	f27888708eeb	follower
FOLLOWERS	3d1d56674506	follower
FOLLOWERS	87021e2e4a04	follower
FOLLOWERS	82bfd7958567	follower
FOLLOWERS	bfef365ef654	follower
FOLLOWERS	6320c0b712c7	follower
FOLLOWERS	081566c025b2	follower
FOLLOWERS	772144e49d68	follower
FOLLOWERS	9482c0da3074	follower
FOLLOWERS	528547c377e5	follower
FOLLOWERS	cd77ba1c87ff	follower
FOLLOWERS	0b32e2a930fb	follower
FOLLOWERS	e675a1fc324d	follower
FOLLOWERS	4a19bcabb781	follower
FOLLOWERS	814ed6098705	follower
FOLLOWERS	4940bafa1f0a	follower
FOLLOWERS	b3f8178ded71	follower
FOLLOWERS	6cba2b2e6036	follower
FOLLOWERS	728f424efbbd	follower
FOLLOWERS	28e021aa3dee	follower
FOLLOWERS	0c7749fac351	follower
FOLLOWERS	7c35c3209f32	follower
FOLLOWERS	33541310ff40	follower
FOLLOWERS	55c9e603895e	follower
FOLLOWERS	6153b941a3fc	follower
FOLLOWERS	8c393de6284d	follower
FOLLOWERS	f0861b5dc3da	follower
FOLLOWERS	c96c7553ec75	follower
FOLLOWERS	26e4f2d17d7a	follower
FOLLOWERS	8557da4dff8d	follower
FOLLOWERS	d9b0e50be2ce	follower
FOLLOWERS	d5ddf68ee3a2	follower
FOLLOWERS	e94fcfd6f95d	follower
FOLLOWERS	521d3d8357b8	follower
FOLLOWERS	72e9fb8f1331	follower
FOLLOWERS	7ecdef3cc8f4	follower
FOLLOWERS	93aed03a2898	follower
FOLLOWERS	54e5b45356d3	follower
FOLLOWERS	c8a20c44f5a6	follower
FOLLOWERS	fdda9c05f7ee	follower
FOLLOWERS	583f70de4413	follower
FOLLOWERS	d90b5e899001	follower
FOLLOWERS	12df0a99b3a8	follower
FOLLOWERS	a45f177ce725	follower
FOLLOWERS	b60bfcfcb4fd	follower
FOLLOWERS	9bb1974f16a4	follower
FOLLOWERS	8255f1aff356	follower
FOLLOWERS	144e6bec5ffd	follower
FOLLOWERS	a7a8c48f3e83	follower
FOLLOWERS	37ec9403cade	follower
FOLLOWERS	997d515ebfa5	follower
FOLLOWERS	991eaa5efdc8	follower
FOLLOWERS	14c11fb59546	follower
FOLLOWERS	06ac5bb329e1	follower
FOLLOWERS	e889cdfba69b	follower
FOLLOWERS	b6c87de45e47	follower
FOLLOWERS	d5f64ade263d	follower
FOLLOWERS	a4e7baf367f4	follower
FOLLOWERS	abd9b41c83b2	follower
FOLLOWERS	87fc1d615193	follower
FOLLOWERS	ce4c0427984d	follower
FOLLOWERS	799aee994a9f	follower
FOLLOWERS	b91b3d138088	follower
FOLLOWERS	f1576ca394b8	follower
FOLLOWERS	a9cd4e69ee86	follower
FOLLOWERS	53c28ad7f006	follower
FOLLOWERS	627bdaecf610	follower
FOLLOWERS	0151d71419a4	follower
FOLLOWERS	eded2f364b85	follower
FOLLOWERS	854df02ce536	follower
FOLLOWERS	61e2c671f5f9	follower
FOLLOWERS	980e9ab9d11b	follower
FOLLOWERS	dd5a75005f26	follower
FOLLOWERS	a7d935ccea0a	follower
FOLLOWERS	f8ed1d14982e	follower
FOLLOWERS	b714095b5e8d	follower
FOLLOWERS	a786185ed286	follower
FOLLOWERS	7cbaeeeb74ad	follower
FOLLOWERS	b2453b481eaf	follower
FOLLOWERS	b275f8085f91	follower
FOLLOWERS	c142869d6dbd	follower
FOLLOWERS	b81f6a828b0d	follower
FOLLOWERS	700207f0e967	follower
FOLLOWERS	b64fe4965e2d	follower
FOLLOWERS	933c1814d542	follower
FOLLOWERS	6a2ef7666e9d	follower
FOLLOWERS	f01368a6ee30	follower
FOLLOWERS	bb8938221aea	follower
FOLLOWERS	fd54d170efde	follower
FOLLOWERS	c21364f27e4b	follower
FOLLOWERS	662318a45695	follower
FOLLOWERS	e00fed975afb	follower
FOLLOWERS	4da31928b9a3	follower
FOLLOWERS	bdee0c1fffc7	follower
FOLLOWERS	7e60bb10c16d	follower
FOLLOWERS	57ddc0c06769	follower
FOLLOWERS	7632d37ea6df	follower
FOLLOWERS	7b5d3356203a	follower
LREM	154d73dc1309	Damien Abad
LREM	530761d854e4	Sabrina Agresti-Roubache
LR	219a5164006a	Valérie Bazin-Malgras
LREM	815beabb74d3	Fanta Berete
MoDem	65b10f5194b9	Anne Bergantz
LREM	e5693d6ae873	Aurore Bergé
LR	0ab2d82f8cbe	Émilie Bonnivard
LFI	5ec40afac0e5	Louis Boyard
LREM	25729a032c0f	Yaël Braun-Pivet
LREM	3f129b6703bc	Eléonore Caroit
LREM	69ede387660f	Jean-René Cazeneuve
LR	3303daa7ce09	Éric Ciotti
LR	c505b9d0e87f	Josiane Corneloup
LR	1482b59ab6df	Christelle D'Intorni
PS	da8b2edd9b33	Arthur Delaporte
LR	3aa9be682006	Francis Dubois
LREM	3c264cd21d9a	Nicole Dubré-Chirat
LR	02116cebd080	Pierre-Henri Dumont
MoDem	1bbdc175d2e9	Maud Gatel
LR	75a694f7666e	Annie Genevard
LREM	172cbaafb30f	Olga Givernet
MoDem	a22fc8c1e822	Perrine Goulet
LREM	4ff6fa31db17	Benjamin Haddad
LREM	a4c9531ae189	Sacha Houlié
LREM	817288755f9e	Caroline Janvier
LR	6e0bc151db3c	Philippe Juvin
LREM	1969609b36f7	Daniel Labaronne
LREM	78cdfe123ead	Constance Le Grip
RN	e384f26fe994	Marine Le Pen
LREM	358fbfdfade1	Marie Lebec
LREM	ea4144be5b93	Sylvain Maillard
LR	d6f442cc50b1	Olivier Marleix
LREM	5843ddcb21a7	Sandra Marsaud
LR	dafaa664648a	Alexandra Martin
RN	0fc8c14d7393	Alexandra Masson
RN	ead8dd49bbcf	Bryan Masson
LREM	5e85c4df38bb	Lysiane Métayer
LR	1fb9a627a187	Maxime Minot
LR	76f9b12cbf12	Yannick Neuder
LREM	501f82b0f0ed	Astrid Panosyan-Bouvet
LR	68a266a0abd3	Éric Pauget
LREM	558097fed69a	Anne-Laurence Petel
LFI	34d8e19f9f26	François Piquemal
LREM	83d56815f0fb	Claire Pitollat
LREM	6f0f535053d4	Barbara Pompili
LREM	8ec84ca43571	Natalia Pouzyreff
LR	8be1bc2885de	Aurélien Pradié
LREM	1fdcc59d125a	Thomas Rudigoz
PS	ce3beceed9b8	Isabelle Santiago
LREM	4d8c89f2005c	Charles Sitzenstuhl
LREM	aa9fcf19f5ee	Violette Spillebout
LR	c45ac54c0254	Michèle Tabarot
LREM	9c7c51ef4b41	Prisca Thevenot
LR	882b97b8aa80	Jean-Louis Thiériot
LREM	32a51a154c7c	David Valence
LREM	32fa4ffae955	Patrick Vignal
LREM	595b4dc5f6a5	Caroline Yadan
LREM	1688fd636882	Jean-Marc Zulesi
LR	4db671df1110	Catherine Belrhiti
LR	af65f874610d	Alexandra Borchio Fontimp
LR	0f90edc5872a	Valérie Boyer
LR	b71eca70362c	Dominique Estrosi Sassone
LR	b15000ab94cb	Gérard Larcher
LR	d98af4aa5d24	Bruno Retailleau
LR	bc4e38a70765	Thibault Bazin
LR	24900776b7fe	Anne-Laure Blin
LR	47143068d61f	Pierre Cordier
LR	7d1e00eb8350	Meyer Habib
LR	24cb6636b9ac	Mansour Kamardine
LR	4a7eafb3d582	Véronique Louwagie
PS	94f5a277d36a	Cécile Untermaier
LR	ae0cb0415a40	Stéphane Viry
LR	93ce9e44a1ad	Philippe Bas
LR	29c81c78d360	Yves Bouloux
LR	92078f98b6f3	Max Brisson
LR	c9a0e1205f51	Alain Cadec
LR	9d08cec025ca	Pierre Charon
LR	eb2463f1d836	Guillaume Chevrollier
LR	1156374dd009	Marta de Cidrac
LR	0303b69cbf9f	Alain Houpert
LR	d4ebafac6e3e	Jean-Raymond Hugonet
LR	43d0a5630847	Florence Lassarade
LR	982407fd3c62	Ronan Le Gleut
LR	d083793164c0	René-Paul Savary
LREM	8bdbab0d67a1	Damien Adam
LFI	fa5cfa3222e2	Gabriel Amard
LREM	0ee179f9aa8b	Pieyre-Alexandre Anglade
LFI	542f75290288	Clémentine Autain
RN	09358a7b1f84	Philippe Ballard
EELV	65d12c2fad69	Delphine Batho
EELV	df7bc5677052	Julien Bayou
LREM	c57439454731	Belkhir Belhaddad
LFI	d1fde064599d	Ugo Bernalicis
RN	ca0a5c617641	Emmanuel Blairy
LFI	7a80ff35c4d7	Manuel Bompard
LR	2dc217aee844	Xavier Breton
LFI	bbe4df6edbc0	Aymeric Caron
LREM	0cf50ad118a2	Lionel Causse
PCF	3c1b08b5d571	André Chassaigne
RN	f9ea8511591c	Sébastien Chenu
LFI	0782b792efa2	Éric Coquerel
LFI	55ad877f25a3	Alexis Corbière
LFI	6b2f9ab4f5d3	Jean-François Coulomme
LREM	2960d5822b98	Frédéric Descrozaille
RN	c2da4542f09f	Jocelyn Dessigny
PCF	b2f7b01e820b	Pierre Dharréville
LR	56e5e9998560	Fabien Di Filippo
RN	b58fed0a9cd3	Edwige Diaz
LR	1225ef70258f	Julien Dive
LR	9c084b7ff997	Virginie Duby-Muller
LREM	df95a1c831e2	Nicolas Dupont-Aignan
LREM	5a3e993fa3ed	Philippe Fait
RN	a4a71be69c8b	Frédéric Falcon
PCF	efae2d3ae89c	Elsa Faucillon
LFI	b691fc3c6600	Emmanuel Fernandes
LREM	ce1e45f832af	Marc Ferracci
MoDem	f3ae55def578	Estelle Folest
RN	46a0fc5ee7cf	Grégoire de Fournas
EELV	7c065039e8da	Charles Fournier
LREM	c8a8559ebc9c	Jean-Luc Fugit
LREM	21f3dbab7769	Hadrien Ghomi
RN	433d2a60fe56	Christian Girard
LREM	7c4655517c33	Joël Giraud
LR	064b6032de08	Philippe Gosselin
LFI	4b86c7dc21db	Clémence Guetté
MoDem	3a562df86399	Frantz Gumbs
EELV	146ce4778149	Hubert Julien-Laferrière
PCF	5caa8b5bcb95	Sébastien Jumel
LFI	376b0dd82325	Bastien Lachaud
MoDem	fd3efe963d67	Mohamed Laqhila
LREM	35ad1ece2048	Michel Lauzzana
LREM	96009f70fdad	Pascal Lavergne
LREM	8bdf54abac3a	Vincent Ledoux
RN	6e58d857db4b	Gisèle Lelouis
RN	3dda02c4953a	Christine Loir
LREM	d5aba624702e	Christophe Marion
MoDem	2561ae2a14d2	Bruno Millienne
LREM	7a23f8702f6d	Karl Olive
MoDem	0cc5f7b25037	Hubert Ott
LFI	138672bd797d	Mathilde Panot
MoDem	df97306519bf	Frédéric Petit
EELV	76637cad6bbc	Marie Pochon
LFI	6f063fc5c9c3	Thomas Portes
PS	67f9af6fe7f7	Dominique Potier
LFI	b79cdc5ca350	Jean-Hugues Ratenon
LREM	0880ec12f20c	Rémy Rebeyrotte
LREM	f09217f4a510	Robin Reda
EELV	4b9d08120e08	Sandra Regol
LREM	4d66b19148cd	Charles Rodwell
LREM	8e3f73de6b9c	Xavier Roseren
PCF	04d501fd1d78	Fabien Roussel
RN	f2223ee09eab	Anaïs Sabatini
EELV	0961031a338c	Eva Sas
RN	841091f973a6	Aurélien Taché
LREM	5d2a300df051	Jean Terlier
LFI	ba97d065a059	Aurélie Trouvé
LFI	d42cb0d8ddc1	Paul Vannier
LREM	2ca8ce6b14e2	Éric Woerth
LR	02495aa6e4c1	Jean-Claude Anglars
LR	597af77d4194	Jean Bacci
LR	f9789f13bc7a	Jérôme Bascher
LR	123241070a5d	Bruno Belin
LR	d410c8996d0f	Martine Berthet
LR	80c69e98392d	Étienne Blanc
LR	ff5733db8228	François-Noël Buffet
LR	1a4961a87f19	François Calvet
LR	907ac5513418	Didier Mandelli
LR	186879f08f0c	Cyril Pellevat
LR	e1af60085887	Philippe Pemezec
LR	8c200d031757	Cédric Perrin
LR	5dc8f3c09188	Marie-Pierre Richer
LR	eafffb45da3d	Stéphane Sautarel
LR	f7a637719047	Philippe Tabarot
LREM	8305a466e6f8	Xavier Batut
LREM	b98d3d2a94ae	Florent Boudié
LFI	159d17954e8b	Sophia Chikirou
LREM	96f58003efd7	François Cormier-Bouligeon
MoDem	a3883d0d70f3	Laurent Esquenet-Goxes
MoDem	cc143134b922	Olivier Falorni
LFI	815188498aea	Caroline Fiat
LFI	471b8de0682a	Raquel Garrido
LREM	81d8034069ac	Anne Genetet
LREM	2f22a7cd94b0	Guillaume Gouffier Valente
LREM	f07f447dd9ed	Marie Guévenoux
LREM	bef44f1fbd7d	Nadia Hai
LREM	1fcb1f28a51c	Monique Iborra
LREM	4fd9b0cffb1f	Jean-Michel Jacques
RN	e10ccfb52798	Alexandre Loubet
LFI	164a980cc822	Danièle Obono
LREM	133845253ba6	Jean-Pierre Pont
LREM	79e72337bccb	Éric Poulliat
LFI	e9740a9e2d3b	Loïc Prud'homme
LREM	c72b36bb65ce	Stéphanie Rist
EELV	79e9ba6973ba	Sandrine Rousseau
LFI	c9b912e66b7b	Danielle Simonnet
LFI	b7a90ff6d5e4	Bénédicte Taurine
LREM	32104af405ba	Stéphane Travert
LREM	e826eab6a8f3	Stéphane Vojetta
RN	a78e1251cf7b	Franck Allisio
RN	6f91084ab68b	Romain Baubry
RN	6fe1ec93be03	Christophe Bentz
RN	820432115e66	Pierrick Berteloot
RN	7a7d2d091d1a	Bruno Bilde
RN	4c6d9abd3cf2	Sophie Blanc
RN	5e9b71237e2c	Frédéric Boccaletti
RN	8dd45f6b887d	Jérôme Buisson
RN	4997d0e40cb4	Frédéric Cabrolier
RN	f2a6dbfe9d60	Victor Catteau
RN	c0455fb899e0	Nicolas Dragon
RN	b134e98f449c	Thibaut François
RN	6a9cdaa183ea	Thierry Frappé
RN	58819bd31447	Frank Giletti
RN	84a33c2b9ae5	Yoann Gillet
RN	9c3f60153542	Michel Guiniot
RN	d4b20de16ee0	Jordan Guitton
RN	56d1955e4464	Joris Hébrard
RN	7a85b0fcfd93	Timothée Houssin
RN	15140c85a4c6	Laurent Jacobelli
RN	896876d9454a	Alexis Jolly
RN	1daa20a74cb0	Laure Lavalette
RN	cf3d94493377	Julie Lechanteux
LREM	903379794181	Mathieu Lefèvre
RN	fa4f84966d83	Hervé de Lépinau
RN	6ccaa336f315	Katiana Levavasseur
RN	e17c6397366a	Aurélien Lopez-Liguori
RN	6514ea28a7c9	Matthieu Marchio
LREM	86278a6137c6	Bastien Marchive
RN	4cc201509459	Kévin Mauvieux
RN	4561df52321b	Nicolas Meizonnet
RN	de9c3a3865e7	Joëlle Mélin
RN	ff6824ea9b01	Thomas Ménagé
LREM	1b95be31d368	Benoit Mournet
RN	fb75ac0f89a3	Julien Odoul
RN	b5dd407e7a3c	Mathilde Paris
RN	807240e4f1e7	Kévin Pfeffer
RN	b05dbb85afbd	Lisette Pollet
RN	190cd8d17626	Julien Rancoule
RN	989ca2cb7b0a	Laurence Robert-Dehault
RN	962322251315	Béatrice Roullaud
RN	6e03ffa9cc4f	Alexandre Sabatou
RN	58f69d571c12	Emeric Salmon
RN	4d2f4b80135a	Jean-Philippe Tanguy
RN	994075d4d857	Michaël Taverne
RN	57b6d765b418	Lionel Tivoli
MoDem	844c6112bc4c	Romain Daubié
LR	0c4fa88fa666	Sébastien Meurant
LREM	8c45d77ef422	Jean-François Lovisolo
LFI	62685b4549b7	Rodrigo Arenas
LFI	641659354297	Christophe Bex
LFI	3ebce6c2b973	Carlos Martens Bilongo
LR	c0052ef68b1d	Ian Boucard
LFI	cde99eba06b0	Sylvain Carrière
LFI	c50fef70a986	Hadrien Clouet
LFI	1c3c88df040d	Sébastien Delogu
LFI	1a0a7ef02697	David Guiraud
LFI	de47753658c5	Mathilde Hignet
LFI	6ce56b01d6ed	Andy Kerbrat
LFI	0731c0520d58	Arnaud Le Gall
LFI	7a91c8a87dcb	Antoine Léaument
LFI	2a5249326aef	Élise Leboucher
LFI	9053363b31a6	Jérôme Legavre
LFI	65126a0663b3	Sarah Legrain
PS	e21f437ef5c5	Gérard Leseul
EELV	eea1fb276d93	Benjamin Lucas
LFI	980abeee5c75	William Martinet
LFI	8f84b4f0f0e4	Damien Maudet
LFI	29c73db73bbd	Marianne Maximi
LFI	4871e467ba27	Nathalie Oziol
PS	2c64f1b32a23	Christine Pires Beaune
LFI	ec862843e3a3	Sébastien Rome
LFI	948c25949296	Ersilia Soudais
LFI	044669367bf8	Anne Stambach-Terrenoir
LFI	38ca4d11bf26	Matthias Tavel
PS	621f96a59a2d	Mélanie Thomin
LREM	68b8c8e62cc0	Antoine Armand
LREM	a67e47b5e063	Éric Bothorel
LREM	110f57aeaf59	Pierre Cazeneuve
LREM	73c7f5097790	Julie Delpech
LREM	dd08de8b2e38	Brigitte Klinkert
MoDem	5998a3552745	Pascal Lecamp
LREM	5e6cad297362	Denis Masséglia
LREM	4e0ba4bb0e86	Nicolas Metzdorf
LREM	d95fd8563fd8	Lionel Royer-Perreaut
LREM	7eccc7d292d0	Christopher Weissberg
LREM	2287dfd9f796	Miller Laure
MoDem	7600d3130939	Blandine Brocard
LREM	8ee27e4ef6d2	Céline Calvez
PS	0a214e154359	Jérôme Guedj
LREM	af22d78cd2b7	Gilles Le Gendre
LR	681e023019b5	Jean-Baptiste Blanc
LR	0d831adfefe4	Catherine Dumas
LR	2967a740c959	Roger Karoutchi
LR	6725c564c3d9	Philippe Mouiller
LR	52e43e9f24bd	Fabrice Brun
LREM	5fc0e9a1d342	Thomas Cazenave
LR	aaf861cb27f0	Dino Cinieri
LR	5b6097132551	Nicolas Forissier
LR	b3fb7e023f66	Jérôme Nury
LR	b5501ce19143	Raphaël Schellenberger
LR	9781ea916558	Stéphane Piednoir
LREM	3d80a0dddda4	Michèle Peyron
LREM	14a225528edc	Cécile Rilhac
LREM	fd48edcef1d6	Bertrand Bouyx
LREM	b9ecc5c38535	Fabienne Colboc
LREM	5c6854af6f04	Éric Girardin
LREM	7a20f644ee5a	Sandrine Le Feur
LREM	246484e4dcd8	Didier Le Gac
LREM	0c0a28553b44	Brigitte Liso
LREM	bacface5b971	Graziella Melchior
LREM	d6bd00da002b	Huguette Tiegna
LREM	ca7c8b7626b6	Guillaume Vuilletet
PS	b7f88a2cda89	Marie-Noëlle Battistel
LREM	23c97806097d	Mireille Clapot
LREM	b89913c10620	Thomas Gassilloud
MoDem	5d01681fb28d	Sandrine Josso
LR	b80ea36e9e12	Alexandre Vincendet
PS	55fd70180bbc	Guillaume Garot
LR	e5551e36c446	Marc Le Fur
MoDem	1f7ab71bfee5	Philippe Vigier
MoDem	03ec94fc338f	Géraldine Bannier
LREM	42e1754cd6f3	Benjamin Dirx
LREM	a72ff2eec5c8	Annaïg Le Meur
LREM	057b750b92d0	Christine Le Nabour
LREM	44220b92602d	Nicole Le Peih
LREM	2ca88c6c9b38	Laurence Maillart-Méhaignerie
LREM	0baf8484e6eb	Jacqueline Maquet
LREM	bf61ba1e71b0	Louis Margueritte
LREM	374de742caba	Liliana Tanguy
LREM	b554f6a73a06	Annie Vidal
LREM	7b2b3c1021e5	Corinne Vignon
LR	79b2b4f3d5e7	Marc-Philippe Daubresse
LR	3d274586eb0e	Gérard Longuet
LR	8f9a60420f93	Vincent Segouin
LREM	e7359b379dab	Quentin Bataillon
MoDem	bd8e07d120de	Christophe Blanchet
MoDem	b5093ba8c624	Cyrille Isaac-Sibille
LREM	d4ecd0c5fb39	Didier Martin
PS	a9c1829c3d87	Valérie Rabault
PS	13a5da549209	Hervé Saulignac
LREM	1c6ea0b5703f	Sarah Tanzilli
LREM	6890ee78b3b7	Anne Brugnera
MoDem	68c3ff97af97	Emmanuel Mandon
LR	78bc6590befe	Emmanuel Maquet
MoDem	41971429d5db	Pierre Morel-À-L'Huissier
MoDem	946e0a1f3c3b	Maud Petit
LR	110795b036f4	Patrick Hetzel
PS	d8d58585f112	Philippe Naillet
MoDem	8f0f3247cf16	Philippe Latombe
LR	d4368610d0e0	Nadine Bellurot
LR	b8ebff97fbb9	Laurence Garnier
LR	e00dcbe4beda	Alain Joyandet
LR	e34fb9caaef7	Damien Regnard
LR	1685496af2da	Cédric Vial
LREM	5a269b99f770	Caroline Abadie
EELV	42f859b3b9e4	Christine Arrighi
PS	050eaaabba38	Joël Aviragnet
MoDem	5ba89142948e	Erwan Balanant
PS	6332248db3af	Christian Baptiste
PS	18a59095ce4e	Mickaël Bouloux
LREM	d19c3bcee5b9	Danielle Brulebois
PS	e880a353d855	Philippe Brun
PS	f0425ea361a4	Alain David
PS	626f54092922	Inaki Echaniz
LFI	e2662736f25e	Martine Etienne
MoDem	6ca8e42d615c	Élodie Jacquier-Laforge
PS	220ff7bd312e	Chantal Jourdan
PS	747c994c66fa	Marietta Karamanli
PS	e17bb5fabcef	Fatiha Keloua Hachi
LREM	474702141611	Fadila Khattabi
EELV	b67491248628	Julie Laernoes
LFI	3f40b74e6dc1	Maxime Laisney
MoDem	4337a9037090	Aude Luquet
MoDem	c9346e899a50	Sophie Mette
LREM	a0c7b30829d1	Marjolaine Meynier-Millefert
EELV	941a9ee18db2	Jean-Claude Raux
PS	63207d44df88	Claudia Rouaux
EELV	e88c6f0847c1	Sabrina Sebaihi
EELV	1f46fa8ac7e2	Sophie Taillé-Polian
EELV	88bde21271e6	Nicolas Thierry
MoDem	5cd3ee7e6c3d	Sabine Thillaye
MoDem	bd91a9561183	Nicolas Turquois
PS	8eff9e08e02f	Roger Vicot
PCF	a40e3c88141d	Jiovanny William
LR	55f06a6ab95e	Pascal Allizard
LR	6f1d4dbda630	François Bonhomme
LR	e6728dec740d	Gilbert Bouchet
LR	6469c8cc90a8	Jean-Marc Boyer
LR	f8c43721c745	Agnès Canayer
LR	a204ad9d7bb3	Marie-Christine Chauvin
LR	69777d10ac09	Laure Darcos
LR	e5577dd5ba78	Annie Delmont-Koropoulis
LR	b7d81f6c0bd3	Christophe-André Frassa
LR	84d4d6755d88	Joëlle Garriaud-Maylam
LR	6259d10608b2	Jean-François Husson
LR	e4cd09b4d23b	Corinne Imbert
LR	a0a418c4c441	Else Joseph
LR	391bf8ce0475	Christine Lavarde
LR	c9bbfd607a90	Brigitte Micouleau
LR	b5a76fe502ff	Sophie Primas
LR	d08330d768bd	Catherine Procaccia
LR	a932f2c71431	Jean-François Rapin
LR	8554b1b7fe9a	Évelyne Renaud-Garabedian
LR	065b4116eed4	Henri Leroy
LR	515c399eab11	Louis-Jean de Nicolay
LREM	a8a10942671f	Clara Chassaniol
LREM	af964dde9358	Alexis Izard
EELV	ee64acc5646b	Cyrielle Chatelain
EELV	924ae64b914f	Marie-Charlotte Garin
LR	92bda2e4af55	Édouard Courtial
LREM	75fd9d87a62b	Émilie Chandler
LREM	afbd5072f8cd	Éric Alauzet
LFI	695465a6cd4e	Hendrik Davi
LREM	b869e19dd040	Sophie Errante
EELV	50b2b9cca143	Jérémie Iordanoff
LREM	6527bf5b8c9b	Patricia Lemoine
LFI	f9ffc448368f	Murielle Lepvraud
LFI	df8f0cb40d42	Élisa Martin
LREM	62e58a4ecd5f	Stéphane Mazars
LR	fcf639d08778	Isabelle Valentin
LR	f2c8127e1aa3	Arnaud Bazin
LR	f265c7562031	Sylvie Goy-Chavent
LR	c732af73413a	Laurent Somon
LR	be25ca3d38b9	André Reichardt
LREM	6faea4877aba	Servane Hugues
LREM	16bb37e82cf6	Sophie Panonacle
LREM	7be4f417ee0b	Mounir Belhamiti
MoDem	851e13867bf7	Philippe Bolo
LREM	604a334a7e83	Benoît Bordat
MoDem	f6bcaee76790	Laurent Croizier
MoDem	ba7dbe8e5fe9	Bruno Fuchs
MoDem	f6855356e279	Luc Geismar
LREM	e32f33ba310d	Philippe Guillemard
LREM	5fdb5ee37fcb	Laurence Heydel Grillere
LREM	7ae3b090a07d	Alexandre Holroyd
MoDem	d8a64ff8ff93	Fabien Lainé
LREM	0cfdd022cf56	Fabrice Le Vigoureux
MoDem	2668157cd65c	Delphine Lingemann
LREM	3cfe192e1303	Ludovic Mendes
MoDem	67d9cc08c5d6	Jimmy Pahun
LREM	c5233079364d	Didier Paris
MoDem	b76d771534cc	Josy Poueyto
MoDem	e1009cbfee1c	Laurence Vichnievsky
EELV	3dc4c4836f6f	Lisa Belluco
EELV	76266af1bbd5	Karim Ben Cheikh
LFI	e655921ad7f2	Idir Boumertit
PCF	a334b05654c4	Soumya Bourouaha
LFI	cccf21196983	Catherine Couturier
LR	ba30790d08ce	Vincent Descoeur
LREM	5763945393de	Philippe Dunoyer
LR	09e20516fd03	Jean-Jacques Gaultier
PCF	69cb351a95d7	Stéphane Peu
EELV	6728197500d2	Sébastien Peytavie
LR	333a81de19a5	Elsa Schalck
LR	2b26547ca43f	Anne Chain-Larché
LR	680eebbcc4df	Philippe Dominati
MoDem	217306e500f1	Éric Martineau
LR	2c06c1d5af77	Vincent Rolland
LR	15c5658932cc	Christian Cambon
LR	adb5a900ef48	Alain Milon
LFI	5868d1715595	Michel Sala
LR	5822e170d07f	Antoine Vermorel-Marques
LR	69c15dfbd47c	Jean-Noël Cardoux
LR	7793f3734664	Patrick Chaize
LR	f30618d605d4	Nicolas Ray
LR	51544f47a65e	Jean-Pierre Vigier
LR	471d13185245	Catherine Deroche
LR	11b2487adbdc	Mathieu Darnaud
LR	6293b1468e27	Pierre Vatin
PCF	1284ccdb95da	Yannick Monnet
PCF	e0483b775454	Nicolas Sansu
PCF	256ad1df5da6	Hubert Wulfranc
LR	554ab5975bb0	Pascale Gruny
LR	6d3109c32a8f	Thierry Meignen
LR	cd2797570371	Jean-Pierre Taite
PCF	7680a29ff228	Karine Lebon
LR	34af9a395f2b	Olivier Rietmann
PCF	c62016a826f7	Frédéric Maillot
PCF	bea7f00a381c	Moetai Brotherson
PCF	5a0b287c32cd	Marcellin Nadeau
LR	9545b9ce2349	Christelle Petex-Levet
PCF	26c48d429d03	Davy Rimane
LR	0496d5a85273	Vincent Seitlinger
LR	52f2943a91a0	Christine Bonfanti-Dossat
LR	95d7e807bde5	Fabien Genet
LR	8963a5324a6a	Hugues Saury
LR	be9423cacd8f	Frédérique Gerbaud
LR	fa36c8cd2da9	Albéric de Montgolfier
LR	083a7ffbd80c	Antoine Lefèvre
LR	2293d35137b7	Pierre Frogier
LR	75e7f30b2c1d	Marie Mercier
LR	d1131710a724	Bruno Sido
LR	db1d1e727f71	Alain Chatillon
LR	8bcf89408cf8	Jacques Grosperrin
LR	3df545b62a11	Claudine Thomas
LR	a6957d93c1ec	Véronique Del Fabro
PARTY	EELV	eelv
PARTY	LFI	lfi
PARTY	LR	lr
PARTY	LREM	lrem
PARTY	MoDem	modem
PARTY	PCF	pcf
PARTY	PS	ps
PARTY	RN	rn
